Title,Link
Nước nào ô nhiễm nhất Đông Nam Á?,https://vnexpress.net/nuoc-nao-o-nhiem-nhat-dong-nam-a-4953663.html
Vỏ bọc 'thiếu nữ thiên tài' của CEO siêu lừa,https://vnexpress.net/vo-boc-thieu-nu-thien-tai-cua-ceo-sieu-lua-4953611.html
Bảo vật nào giá trị nhất từng bị trộm tại bảo tàng Louvre?,https://vnexpress.net/bao-vat-nao-gia-tri-nhat-tung-bi-trom-tai-bao-tang-louvre-4953429.html
Dùng vòi nước rửa ôtô xịt hậu môn gây thủng đại tràng,https://vnexpress.net/dung-voi-nuoc-rua-oto-xit-hau-mon-gay-thung-dai-trang-4953329.html
Geely Việt Nam tung ưu đãi cho ba dòng xe,https://vnexpress.net/geely-viet-nam-tung-uu-dai-cho-ba-dong-xe-4953682.html
Hơn 30% bưu cục BEST Express do phụ nữ làm chủ,https://vnexpress.net/hon-30-buu-cuc-best-express-do-phu-nu-lam-chu-4953681.html
Bà Thái Hương nhận giải doanh nhân xuất sắc ASEAN,https://vnexpress.net/ba-thai-huong-nhan-giai-doanh-nhan-xuat-sac-asean-4953437.html
Thêm đường bay thẳng từ Singapore đến Đà Nẵng,https://vnexpress.net/them-duong-bay-thang-tu-singapore-den-da-nang-4953685.html
"Nam sinh lớp 10 bị bắt quỳ, liếm biển số xe",https://vnexpress.net/nam-sinh-lop-10-bi-bat-quy-liem-bien-so-xe-4953694.html
Europol đột kích 'trang trại sim' lừa đảo toàn cầu,https://vnexpress.net/europol-dot-kich-trang-trai-sim-lua-dao-toan-cau-4953608.html
'Quốc hội khóa 15 là nhiệm kỳ đặc biệt trong lịch sử lập pháp',https://vnexpress.net/quoc-hoi-khoa-15-la-nhiem-ky-dac-biet-trong-lich-su-lap-phap-4953436.html
'Cơ cấu lại nền kinh tế đạt nhiều kết quả tích cực',https://vnexpress.net/co-cau-lai-nen-kinh-te-dat-nhieu-ket-qua-tich-cuc-4953675.html
Ông Zelensky sẵn sàng gặp ông Trump - Putin tại Hungary,https://vnexpress.net/ong-zelensky-san-sang-gap-ong-trump-putin-tai-hungary-4953678.html
Khách nữ lo lắng khi lần đầu khỏa thân tắm onsen tại Nhật,https://vnexpress.net/khach-nu-lo-lang-khi-lan-dau-khoa-than-tam-onsen-tai-nhat-4953540.html
VinFast hỗ trợ chủ xe bị ảnh hưởng bởi bão lũ,https://vnexpress.net/vinfast-ho-tro-chu-xe-bi-anh-huong-boi-bao-lu-4953683.html
Tinh thần đồng đội giúp RLG SE vô địch Visa VMC Winter 2025,https://vnexpress.net/tinh-than-dong-doi-giup-rlg-se-vo-dich-visa-vmc-winter-2025-4953677.html
Fumakilla Việt Nam kỷ niệm 30 năm thành lập,https://vnexpress.net/fumakilla-viet-nam-ky-niem-30-nam-thanh-lap-4953653.html
247Express kỷ niệm 20 năm với những chuyến đi vì trẻ em vùng cao,https://vnexpress.net/247express-ky-niem-20-nam-voi-nhung-chuyen-di-vi-tre-em-vung-cao-4953638.html
Nang ống sống là bệnh gì?,https://vnexpress.net/nang-ong-song-la-benh-gi-4953606.html
Những thực phẩm hỗ trợ cai thuốc lá,https://vnexpress.net/nhung-thuc-pham-ho-tro-cai-thuoc-la-4953530.html
Ba năm vô sinh do không có tinh trùng,https://vnexpress.net/ba-nam-vo-sinh-do-khong-co-tinh-trung-4953479.html
30 năm phát triển thị trường hương liệu của Việt Hương,https://vnexpress.net/30-nam-phat-trien-thi-truong-huong-lieu-cua-viet-huong-4952700.html
Thách thức khi đưa người đi làm việc tại Hàn Quốc,https://vnexpress.net/thach-thuc-khi-dua-nguoi-di-lam-viec-tai-han-quoc-4953538.html
Ca khúc mới của Jack vấp chỉ trích,https://vnexpress.net/ca-khuc-moi-cua-jack-vap-chi-trich-4953648.html
Liverpool - hiệp sĩ không gặp thời ở Ngoại hạng Anh mùa mới,https://vnexpress.net/liverpool-hiep-si-khong-gap-thoi-o-ngoai-hang-anh-mua-moi-4953679.html
Vì sao chứng khoán giảm kỷ lục?,https://vnexpress.net/vi-sao-chung-khoan-giam-ky-luc-4953674.html
Chủ tịch Coteccons: 'Ra thị trường nước ngoài không phải chiến lược mì ăn liền',https://vnexpress.net/chu-tich-coteccons-ra-thi-truong-nuoc-ngoai-khong-phai-chien-luoc-mi-an-lien-4953633.html
Khách chuyển khoản 500 nghìn rồi bắt chủ quán thối 445 nghìn đồng,https://vnexpress.net/chuyen-khoan-qr-code-thanh-toan-atm-gan-day-chuyen-khoan-500-nghin-roi-bat-chu-quan-thoi-lai-445-nghin-4953624.html
Thấy có lỗi với bản thân khi 35 tuổi vẫn ế,https://vnexpress.net/thay-co-loi-voi-ban-than-khi-35-tuoi-van-e-4953398.html
Acecook Việt Nam tổ chức sự kiện kết hợp chạy bộ và phở,https://vnexpress.net/acecook-viet-nam-to-chuc-su-kien-ket-hop-chay-bo-va-pho-4953656.html
Chuỗi dịch vụ cho người cao tuổi tại đô thị Vinhomes,https://vnexpress.net/chuoi-dich-vu-cho-nguoi-cao-tuoi-tai-do-thi-vinhomes-4953617.html
Làm gì khi biến chứng da do dùng kem trộn?,https://vnexpress.net/lam-gi-khi-bien-chung-da-do-dung-kem-tron-4953598.html
Những món trang sức bị đánh cắp ở bảo tàng Louvre,https://vnexpress.net/nhung-mon-trang-suc-bi-danh-cap-o-bao-tang-louvre-4953374.html
Tổ hợp sân golf gần 24.800 tỷ đồng giáp vịnh Bái Tử Long dự kiến vận hành từ 2029,https://vnexpress.net/to-hop-san-golf-gan-24-800-ty-dong-giap-vinh-bai-tu-long-du-kien-van-hanh-tu-2029-4953658.html
Lập đường dây nóng tiếp nhận phản ánh tiêu cực của kiểm toán viên,https://vnexpress.net/lap-duong-day-nong-tiep-nhan-phan-anh-tieu-cuc-cua-kiem-toan-vien-4953642.html
Tịch thu hơn 2 tỷ đồng tại tiệm vàng mua bán ngoại tệ trái phép,https://vnexpress.net/tich-thu-hon-2-ty-dong-tai-tiem-vang-mua-ban-ngoai-te-trai-phep-4953446.html
Điểm tin 17h: Chứng khoán giảm kỷ lục hơn 94 điểm | Cựu Tổng giám đốc SJC xin tòa xem lại việc phải nộp 10.800 lượng vàng,https://vnexpress.net/diem-tin-17h-chung-khoan-giam-ky-luc-hon-94-diem-cuu-tong-giam-doc-sjc-xin-toa-xem-lai-viec-phai-nop-10-800-luong-vang-4953662.html
Lửa bao trùm căn hộ chung cư ở TP HCM,https://vnexpress.net/lua-bao-trum-can-ho-chung-cu-o-tp-hcm-4953652.html
Hàng loạt dịch vụ hàng đầu thế giới 'sập' vì sự cố AWS,https://vnexpress.net/hang-loat-dich-vu-hang-dau-the-gioi-sap-vi-su-co-aws-4953643.html
Mối nguy viết Văn nhưng không đọc sách mà 'nhờ AI làm hộ',https://vnexpress.net/chatgpt-viet-van-nho-ai-nho-chat-gpt-viet-van-viet-luan-dai-hoc-giao-duc-4953536.html
Chuẩn bị tâm lý để tránh 'đụng tường' ở giải chạy đêm,https://vnexpress.net/chuan-bi-tam-ly-de-tranh-dung-tuong-o-giai-chay-dem-4953385.html
Ra mắt dự án Eurowindow Sport Garden tại trung tâm Nghệ An,https://vnexpress.net/ra-mat-du-an-eurowindow-sport-garden-tai-trung-tam-nghe-an-4953258.html
"Xe tải lật trên cao tốc Vĩnh Hảo - Phan Thiết, ùn tắc kéo dài",https://vnexpress.net/xe-tai-lat-gay-un-tac-cao-toc-vinh-hao-phan-thiet-4953625.html
Cháy căn hộ tầng 27 chung cư ở TP HCM,https://vnexpress.net/chay-can-ho-tang-27-chung-cu-o-tp-hcm-4953645.html
Wikipedia giảm truy cập do người dùng tìm kiếm qua AI,https://vnexpress.net/wikipedia-giam-truy-cap-do-nguoi-dung-tim-kiem-qua-ai-4953491.html
Ông Zelensky: Ukraine chuẩn bị đặt mua 25 tổ hợp Patriot,https://vnexpress.net/ong-zelensky-ukraine-chuan-bi-dat-mua-25-to-hop-patriot-4953553.html
Giá heo hơi xuống dưới 50.000 đồng một kg,https://vnexpress.net/gia-heo-hoi-xuong-duoi-50-000-dong-mot-kg-4953568.html
"Lao nhanh qua ngã tư, ôtô đâm bay người đi xe máy",https://vnexpress.net/lao-nhanh-qua-nga-tu-oto-dam-bay-nguoi-di-xe-may-4953547.html
Nhóm teen cầm dao chém 4 người,https://vnexpress.net/ba-thanh-thieu-nien-chem-tra-thu-giup-dan-chi-4953458.html
Mỹ phát hiện 'tổ thợ săn' có thể đe dọa chuyên cơ ông Trump,https://vnexpress.net/my-phat-hien-to-tho-san-co-the-de-doa-chuyen-co-ong-trump-4953533.html
Cựu tiền vệ Ngoại hạng Anh chế giễu HLV Shin Tae-yong,https://vnexpress.net/cuu-tien-ve-ngoai-hang-anh-che-gieu-hlv-shin-tae-yong-4953610.html
"Chính phủ gỡ vướng hàng nghìn dự án, nhà đất tồn đọng",https://vnexpress.net/chinh-phu-go-vuong-hang-nghin-du-an-nha-dat-ton-dong-4953561.html
Quảng Trị - Đà Nẵng có thể mưa trên 900 mm trong 5 ngày,https://vnexpress.net/quang-tri-da-nang-co-the-mua-tren-900-mm-trong-5-ngay-4953582.html
Thành 'người hầu' cho sếp - bộ mặt khác của nạn bắt nạt công sở,https://vnexpress.net/thanh-nguoi-hau-cho-sep-bo-mat-khac-cua-nan-bat-nat-cong-so-4953448.html
Các công nghệ độc đáo trong sân bóng lớn nhất Việt Nam,https://vnexpress.net/cac-cong-nghe-doc-dao-trong-san-bong-lon-nhat-viet-nam-4953345.html
Hơn 31.300 người được đặc xá trong 5 năm qua,https://vnexpress.net/hon-31-300-nguoi-duoc-dac-xa-trong-5-nam-qua-4953551.html
Một doanh nghiệp tôm tốn gần 200 tỷ đồng đóng thuế đối ứng,https://vnexpress.net/mot-doanh-nghiep-tom-ton-gan-200-ty-dong-dong-thue-doi-ung-4953512.html
Tập truyện về những mảnh đời không trọn vẹn,https://vnexpress.net/tap-truyen-ve-nhung-manh-doi-khong-tron-ven-4944626.html
